<?xml version="1.0" encoding="UTF-8"?>
<con:soapui-project id="3bdcd04f-84fb-4739-80aa-8d2e4b4383df" activeEnvironment="Default" name="OLAMPAY" resourceRoot="${projectDir}" soapui-version="5.5.0" abortOnError="false" runType="SEQUENTIAL" xmlns:con="http://eviware.com/soapui/config"><con:settings/><con:interface xsi:type="con:WsdlInterface" id="5360b846-bd5f-491d-a391-afef81da9bd2" wsaVersion="NONE" name="CAdxWebServiceXmlCCSoapBinding" type="wsdl" bindingName="{http://www.adonix.com/WSS}CAdxWebServiceXmlCCSoapBinding" soapVersion="1_1" anonymous="optional" definition="http://10.110.11.102:8124/soap-wsdl/syracuse/collaboration/syracuse/CAdxWebServiceXmlCC?wsdl" xmlns:xsi="http://www.w3.org/2001/XMLSchema-instance"><con:settings/><con:definitionCache type="TEXT" rootPart="http://10.110.11.102:8124/soap-wsdl/syracuse/collaboration/syracuse/CAdxWebServiceXmlCC?wsdl"><con:part><con:url>http://10.110.11.102:8124/soap-wsdl/syracuse/collaboration/syracuse/CAdxWebServiceXmlCC?wsdl</con:url><con:content><![CDATA[<wsdl:definitions targetNamespace="http://www.adonix.com/WSS" xmlns:apachesoap="http://xml.apache.org/xml-soap" xmlns:wss="http://www.adonix.com/WSS" xmlns:intf="http://www.adonix.com/WSS" xmlns:soapenc="http://schemas.xmlsoap.org/soap/encoding/" xmlns:wsdl="http://schemas.xmlsoap.org/wsdl/" xmlns:wsdlsoap="http://schemas.xmlsoap.org/wsdl/soap/" xmlns:xsd="http://www.w3.org/2001/XMLSchema">
  <!--WSDL created by Apache Axis version: 1.4 Built on Apr 22, 2006 (06:55:48 PDT)-->
  <wsdl:types>
    <schema targetNamespace="http://www.adonix.com/WSS" xmlns="http://www.w3.org/2001/XMLSchema">
      <import namespace="http://schemas.xmlsoap.org/soap/encoding/"/>
      <complexType name="CAdxCallContext">
        <sequence>
          <element name="codeLang" nillable="true" type="xsd:string"/>
          <element name="poolAlias" nillable="true" type="xsd:string"/>
          <element name="poolId" nillable="true" type="xsd:string"/>
          <element name="requestConfig" nillable="true" type="xsd:string"/>
        </sequence>
      </complexType>
      <complexType name="CAdxMessage">
        <sequence>
          <element name="message" nillable="true" type="xsd:string"/>
          <element name="type" nillable="true" type="xsd:string"/>
        </sequence>
      </complexType>
      <complexType name="ArrayOfCAdxMessage">
        <complexContent>
          <restriction base="soapenc:Array">
            <attribute ref="soapenc:arrayType" wsdl:arrayType="wss:CAdxMessage[]"/>
          </restriction>
        </complexContent>
      </complexType>
      <complexType name="CAdxTechnicalInfos">
        <sequence>
          <element name="busy" type="xsd:boolean"/>
          <element name="changeLanguage" type="xsd:boolean"/>
          <element name="changeUserId" type="xsd:boolean"/>
          <element name="flushAdx" type="xsd:boolean"/>
          <element name="loadWebsDuration" type="xsd:double"/>
          <element name="nbDistributionCycle" type="xsd:int"/>
          <element name="poolDistribDuration" type="xsd:double"/>
          <element name="poolEntryIdx" type="xsd:int"/>
          <element name="poolExecDuration" type="xsd:double"/>
          <element name="poolRequestDuration" type="xsd:double"/>
          <element name="poolWaitDuration" type="xsd:double"/>
          <element name="processReport" nillable="true" type="xsd:string"/>
          <element name="processReportSize" type="xsd:int"/>
          <element name="reloadWebs" type="xsd:boolean"/>
          <element name="resumitAfterDBOpen" type="xsd:boolean"/>
          <element name="rowInDistribStack" type="xsd:int"/>
          <element name="totalDuration" type="xsd:double"/>
          <element name="traceRequest" nillable="true" type="xsd:string"/>
          <element name="traceRequestSize" type="xsd:int"/>
        </sequence>
      </complexType>
      <complexType name="CAdxResultXml">
        <sequence>
          <element name="messages" nillable="true" type="wss:ArrayOfCAdxMessage"/>
          <element name="resultXml" nillable="true" type="xsd:string"/>
          <element name="status" type="xsd:int"/>
          <element name="technicalInfos" nillable="true" type="wss:CAdxTechnicalInfos"/>
        </sequence>
      </complexType>
      <complexType name="CAdxParamKeyValue">
        <sequence>
          <element name="key" nillable="true" type="xsd:string"/>
          <element name="value" nillable="true" type="xsd:string"/>
        </sequence>
      </complexType>
      <complexType name="ArrayOfCAdxParamKeyValue">
        <complexContent>
          <restriction base="soapenc:Array">
            <attribute ref="soapenc:arrayType" wsdl:arrayType="wss:CAdxParamKeyValue[]"/>
          </restriction>
        </complexContent>
      </complexType>
      <complexType name="ArrayOf_xsd_string">
        <complexContent>
          <restriction base="soapenc:Array">
            <attribute ref="soapenc:arrayType" wsdl:arrayType="xsd:string[]"/>
          </restriction>
        </complexContent>
      </complexType>
    </schema>
  </wsdl:types>
  <wsdl:message name="queryRequest">
    <wsdl:part name="callContext" type="wss:CAdxCallContext"/>
    <wsdl:part name="publicName" type="xsd:string"/>
    <wsdl:part name="objectKeys" type="wss:ArrayOfCAdxParamKeyValue"/>
    <wsdl:part name="listSize" type="xsd:int"/>
  </wsdl:message>
  <wsdl:message name="insertLinesResponse">
    <wsdl:part name="insertLinesReturn" type="wss:CAdxResultXml"/>
  </wsdl:message>
  <wsdl:message name="getDataXmlSchemaResponse">
    <wsdl:part name="getDataXmlSchemaReturn" type="wss:CAdxResultXml"/>
  </wsdl:message>
  <wsdl:message name="actionObjectKeysResponse">
    <wsdl:part name="actionObjectKeysReturn" type="wss:CAdxResultXml"/>
  </wsdl:message>
  <wsdl:message name="deleteRequest">
    <wsdl:part name="callContext" type="wss:CAdxCallContext"/>
    <wsdl:part name="publicName" type="xsd:string"/>
    <wsdl:part name="objectKeys" type="wss:ArrayOfCAdxParamKeyValue"/>
  </wsdl:message>
  <wsdl:message name="runRequest">
    <wsdl:part name="callContext" type="wss:CAdxCallContext"/>
    <wsdl:part name="publicName" type="xsd:string"/>
    <wsdl:part name="inputXml" type="xsd:string"/>
  </wsdl:message>
  <wsdl:message name="runResponse">
    <wsdl:part name="runReturn" type="wss:CAdxResultXml"/>
  </wsdl:message>
  <wsdl:message name="queryResponse">
    <wsdl:part name="queryReturn" type="wss:CAdxResultXml"/>
  </wsdl:message>
  <wsdl:message name="insertLinesRequest">
    <wsdl:part name="callContext" type="wss:CAdxCallContext"/>
    <wsdl:part name="publicName" type="xsd:string"/>
    <wsdl:part name="objectKeys" type="wss:ArrayOfCAdxParamKeyValue"/>
    <wsdl:part name="blocKey" type="xsd:string"/>
    <wsdl:part name="lineKey" type="xsd:string"/>
    <wsdl:part name="lineXml" type="xsd:string"/>
  </wsdl:message>
  <wsdl:message name="getDescriptionResponse">
    <wsdl:part name="getDescriptionReturn" type="wss:CAdxResultXml"/>
  </wsdl:message>
  <wsdl:message name="deleteLinesRequest">
    <wsdl:part name="callContext" type="wss:CAdxCallContext"/>
    <wsdl:part name="publicName" type="xsd:string"/>
    <wsdl:part name="objectKeys" type="wss:ArrayOfCAdxParamKeyValue"/>
    <wsdl:part name="blocKey" type="xsd:string"/>
    <wsdl:part name="lineKeys" type="wss:ArrayOf_xsd_string"/>
  </wsdl:message>
  <wsdl:message name="getDataXmlSchemaRequest">
    <wsdl:part name="callContext" type="wss:CAdxCallContext"/>
    <wsdl:part name="publicName" type="xsd:string"/>
  </wsdl:message>
  <wsdl:message name="actionObjectRequest">
    <wsdl:part name="callContext" type="wss:CAdxCallContext"/>
    <wsdl:part name="publicName" type="xsd:string"/>
    <wsdl:part name="actionCode" type="xsd:string"/>
    <wsdl:part name="objectXml" type="xsd:string"/>
  </wsdl:message>
  <wsdl:message name="modifyRequest">
    <wsdl:part name="callContext" type="wss:CAdxCallContext"/>
    <wsdl:part name="publicName" type="xsd:string"/>
    <wsdl:part name="objectKeys" type="wss:ArrayOfCAdxParamKeyValue"/>
    <wsdl:part name="objectXml" type="xsd:string"/>
  </wsdl:message>
  <wsdl:message name="saveResponse">
    <wsdl:part name="saveReturn" type="wss:CAdxResultXml"/>
  </wsdl:message>
  <wsdl:message name="getDescriptionRequest">
    <wsdl:part name="callContext" type="wss:CAdxCallContext"/>
    <wsdl:part name="publicName" type="xsd:string"/>
  </wsdl:message>
  <wsdl:message name="actionObjectKeysRequest">
    <wsdl:part name="callContext" type="wss:CAdxCallContext"/>
    <wsdl:part name="publicName" type="xsd:string"/>
    <wsdl:part name="actionCode" type="xsd:string"/>
    <wsdl:part name="objectKeys" type="wss:ArrayOfCAdxParamKeyValue"/>
  </wsdl:message>
  <wsdl:message name="deleteLinesResponse">
    <wsdl:part name="deleteLinesReturn" type="wss:CAdxResultXml"/>
  </wsdl:message>
  <wsdl:message name="actionObjectResponse">
    <wsdl:part name="actionObjectReturn" type="wss:CAdxResultXml"/>
  </wsdl:message>
  <wsdl:message name="deleteResponse">
    <wsdl:part name="deleteReturn" type="wss:CAdxResultXml"/>
  </wsdl:message>
  <wsdl:message name="saveRequest">
    <wsdl:part name="callContext" type="wss:CAdxCallContext"/>
    <wsdl:part name="publicName" type="xsd:string"/>
    <wsdl:part name="objectXml" type="xsd:string"/>
  </wsdl:message>
  <wsdl:message name="readRequest">
    <wsdl:part name="callContext" type="wss:CAdxCallContext"/>
    <wsdl:part name="publicName" type="xsd:string"/>
    <wsdl:part name="objectKeys" type="wss:ArrayOfCAdxParamKeyValue"/>
  </wsdl:message>
  <wsdl:message name="readResponse">
    <wsdl:part name="readReturn" type="wss:CAdxResultXml"/>
  </wsdl:message>
  <wsdl:message name="modifyResponse">
    <wsdl:part name="modifyReturn" type="wss:CAdxResultXml"/>
  </wsdl:message>
  <wsdl:portType name="CAdxWebServiceXmlCC">
    <wsdl:operation name="run" parameterOrder="callContext publicName inputXml">
      <wsdl:input message="wss:runRequest" name="runRequest"/>
      <wsdl:output message="wss:runResponse" name="runResponse"/>
      <wsdl:documentation>Run X3 sub program</wsdl:documentation>
    </wsdl:operation>
    <wsdl:operation name="save" parameterOrder="callContext publicName objectXml">
      <wsdl:input message="wss:saveRequest" name="saveRequest"/>
      <wsdl:output message="wss:saveResponse" name="saveResponse"/>
      <wsdl:documentation>Create X3 object</wsdl:documentation>
    </wsdl:operation>
    <wsdl:operation name="delete" parameterOrder="callContext publicName objectKeys">
      <wsdl:input message="wss:deleteRequest" name="deleteRequest"/>
      <wsdl:output message="wss:deleteResponse" name="deleteResponse"/>
      <wsdl:documentation>Delete X3 object</wsdl:documentation>
    </wsdl:operation>
    <wsdl:operation name="read" parameterOrder="callContext publicName objectKeys">
      <wsdl:input message="wss:readRequest" name="readRequest"/>
      <wsdl:output message="wss:readResponse" name="readResponse"/>
      <wsdl:documentation>Read X3 object</wsdl:documentation>
    </wsdl:operation>
    <wsdl:operation name="query" parameterOrder="callContext publicName objectKeys listSize">
      <wsdl:input message="wss:queryRequest" name="queryRequest"/>
      <wsdl:output message="wss:queryResponse" name="queryResponse"/>
      <wsdl:documentation>Get X3 objects list</wsdl:documentation>
    </wsdl:operation>
    <wsdl:operation name="getDescription" parameterOrder="callContext publicName">
      <wsdl:input message="wss:getDescriptionRequest" name="getDescriptionRequest"/>
      <wsdl:output message="wss:getDescriptionResponse" name="getDescriptionResponse"/>
      <wsdl:documentation>Get X3 web service description regarding publication done in GESAWE</wsdl:documentation>
    </wsdl:operation>
    <wsdl:operation name="modify" parameterOrder="callContext publicName objectKeys objectXml">
      <wsdl:input message="wss:modifyRequest" name="modifyRequest"/>
      <wsdl:output message="wss:modifyResponse" name="modifyResponse"/>
      <wsdl:documentation>Update X3 object</wsdl:documentation>
    </wsdl:operation>
    <wsdl:operation name="actionObject" parameterOrder="callContext publicName actionCode objectXml">
      <wsdl:input message="wss:actionObjectRequest" name="actionObjectRequest"/>
      <wsdl:output message="wss:actionObjectResponse" name="actionObjectResponse"/>
      <wsdl:documentation>Execute specific action on X3 object providing XML flow</wsdl:documentation>
    </wsdl:operation>
    <wsdl:operation name="actionObjectKeys" parameterOrder="callContext publicName actionCode objectKeys">
      <wsdl:input message="wss:actionObjectKeysRequest" name="actionObjectKeysRequest"/>
      <wsdl:output message="wss:actionObjectKeysResponse" name="actionObjectKeysResponse"/>
      <wsdl:documentation>Execute specific action on X3 object providing keys</wsdl:documentation>
    </wsdl:operation>
    <wsdl:operation name="getDataXmlSchema" parameterOrder="callContext publicName">
      <wsdl:input message="wss:getDataXmlSchemaRequest" name="getDataXmlSchemaRequest"/>
      <wsdl:output message="wss:getDataXmlSchemaResponse" name="getDataXmlSchemaResponse"/>
      <wsdl:documentation>Get X3 web service schema regarding publication done in GESAWE</wsdl:documentation>
    </wsdl:operation>
    <wsdl:operation name="insertLines" parameterOrder="callContext publicName objectKeys blocKey lineKey lineXml">
      <wsdl:input message="wss:insertLinesRequest" name="insertLinesRequest"/>
      <wsdl:output message="wss:insertLinesResponse" name="insertLinesResponse"/>
      <wsdl:documentation>NOT YET IMPLEMENTED !!!</wsdl:documentation>
    </wsdl:operation>
    <wsdl:operation name="deleteLines" parameterOrder="callContext publicName objectKeys blocKey lineKeys">
      <wsdl:input message="wss:deleteLinesRequest" name="deleteLinesRequest"/>
      <wsdl:output message="wss:deleteLinesResponse" name="deleteLinesResponse"/>
      <wsdl:documentation>Remove lines from X3 object table</wsdl:documentation>
    </wsdl:operation>
  </wsdl:portType>
  <wsdl:binding name="CAdxWebServiceXmlCCSoapBinding" type="wss:CAdxWebServiceXmlCC">
    <wsdlsoap:binding style="rpc" transport="http://schemas.xmlsoap.org/soap/http"/>
    <wsdl:operation name="run">
      <wsdlsoap:operation soapAction=""/>
      <wsdl:input name="runRequest">
        <wsdlsoap:body encodingStyle="http://schemas.xmlsoap.org/soap/encoding/" namespace="http://www.adonix.com/WSS" use="encoded"/>
      </wsdl:input>
      <wsdl:output name="runResponse">
        <wsdlsoap:body encodingStyle="http://schemas.xmlsoap.org/soap/encoding/" namespace="http://www.adonix.com/WSS" use="encoded"/>
      </wsdl:output>
    </wsdl:operation>
    <wsdl:operation name="save">
      <wsdlsoap:operation soapAction=""/>
      <wsdl:input name="saveRequest">
        <wsdlsoap:body encodingStyle="http://schemas.xmlsoap.org/soap/encoding/" namespace="http://www.adonix.com/WSS" use="encoded"/>
      </wsdl:input>
      <wsdl:output name="saveResponse">
        <wsdlsoap:body encodingStyle="http://schemas.xmlsoap.org/soap/encoding/" namespace="http://www.adonix.com/WSS" use="encoded"/>
      </wsdl:output>
    </wsdl:operation>
    <wsdl:operation name="delete">
      <wsdlsoap:operation soapAction=""/>
      <wsdl:input name="deleteRequest">
        <wsdlsoap:body encodingStyle="http://schemas.xmlsoap.org/soap/encoding/" namespace="http://www.adonix.com/WSS" use="encoded"/>
      </wsdl:input>
      <wsdl:output name="deleteResponse">
        <wsdlsoap:body encodingStyle="http://schemas.xmlsoap.org/soap/encoding/" namespace="http://www.adonix.com/WSS" use="encoded"/>
      </wsdl:output>
    </wsdl:operation>
    <wsdl:operation name="read">
      <wsdlsoap:operation soapAction=""/>
      <wsdl:input name="readRequest">
        <wsdlsoap:body encodingStyle="http://schemas.xmlsoap.org/soap/encoding/" namespace="http://www.adonix.com/WSS" use="encoded"/>
      </wsdl:input>
      <wsdl:output name="readResponse">
        <wsdlsoap:body encodingStyle="http://schemas.xmlsoap.org/soap/encoding/" namespace="http://www.adonix.com/WSS" use="encoded"/>
      </wsdl:output>
    </wsdl:operation>
    <wsdl:operation name="query">
      <wsdlsoap:operation soapAction=""/>
      <wsdl:input name="queryRequest">
        <wsdlsoap:body encodingStyle="http://schemas.xmlsoap.org/soap/encoding/" namespace="http://www.adonix.com/WSS" use="encoded"/>
      </wsdl:input>
      <wsdl:output name="queryResponse">
        <wsdlsoap:body encodingStyle="http://schemas.xmlsoap.org/soap/encoding/" namespace="http://www.adonix.com/WSS" use="encoded"/>
      </wsdl:output>
    </wsdl:operation>
    <wsdl:operation name="getDescription">
      <wsdlsoap:operation soapAction=""/>
      <wsdl:input name="getDescriptionRequest">
        <wsdlsoap:body encodingStyle="http://schemas.xmlsoap.org/soap/encoding/" namespace="http://www.adonix.com/WSS" use="encoded"/>
      </wsdl:input>
      <wsdl:output name="getDescriptionResponse">
        <wsdlsoap:body encodingStyle="http://schemas.xmlsoap.org/soap/encoding/" namespace="http://www.adonix.com/WSS" use="encoded"/>
      </wsdl:output>
    </wsdl:operation>
    <wsdl:operation name="modify">
      <wsdlsoap:operation soapAction=""/>
      <wsdl:input name="modifyRequest">
        <wsdlsoap:body encodingStyle="http://schemas.xmlsoap.org/soap/encoding/" namespace="http://www.adonix.com/WSS" use="encoded"/>
      </wsdl:input>
      <wsdl:output name="modifyResponse">
        <wsdlsoap:body encodingStyle="http://schemas.xmlsoap.org/soap/encoding/" namespace="http://www.adonix.com/WSS" use="encoded"/>
      </wsdl:output>
    </wsdl:operation>
    <wsdl:operation name="actionObject">
      <wsdlsoap:operation soapAction=""/>
      <wsdl:input name="actionObjectRequest">
        <wsdlsoap:body encodingStyle="http://schemas.xmlsoap.org/soap/encoding/" namespace="http://www.adonix.com/WSS" use="encoded"/>
      </wsdl:input>
      <wsdl:output name="actionObjectResponse">
        <wsdlsoap:body encodingStyle="http://schemas.xmlsoap.org/soap/encoding/" namespace="http://www.adonix.com/WSS" use="encoded"/>
      </wsdl:output>
    </wsdl:operation>
    <wsdl:operation name="actionObjectKeys">
      <wsdlsoap:operation soapAction=""/>
      <wsdl:input name="actionObjectKeysRequest">
        <wsdlsoap:body encodingStyle="http://schemas.xmlsoap.org/soap/encoding/" namespace="http://www.adonix.com/WSS" use="encoded"/>
      </wsdl:input>
      <wsdl:output name="actionObjectKeysResponse">
        <wsdlsoap:body encodingStyle="http://schemas.xmlsoap.org/soap/encoding/" namespace="http://www.adonix.com/WSS" use="encoded"/>
      </wsdl:output>
    </wsdl:operation>
    <wsdl:operation name="getDataXmlSchema">
      <wsdlsoap:operation soapAction=""/>
      <wsdl:input name="getDataXmlSchemaRequest">
        <wsdlsoap:body encodingStyle="http://schemas.xmlsoap.org/soap/encoding/" namespace="http://www.adonix.com/WSS" use="encoded"/>
      </wsdl:input>
      <wsdl:output name="getDataXmlSchemaResponse">
        <wsdlsoap:body encodingStyle="http://schemas.xmlsoap.org/soap/encoding/" namespace="http://www.adonix.com/WSS" use="encoded"/>
      </wsdl:output>
    </wsdl:operation>
    <wsdl:operation name="insertLines">
      <wsdlsoap:operation soapAction=""/>
      <wsdl:input name="insertLinesRequest">
        <wsdlsoap:body encodingStyle="http://schemas.xmlsoap.org/soap/encoding/" namespace="http://www.adonix.com/WSS" use="encoded"/>
      </wsdl:input>
      <wsdl:output name="insertLinesResponse">
        <wsdlsoap:body encodingStyle="http://schemas.xmlsoap.org/soap/encoding/" namespace="http://www.adonix.com/WSS" use="encoded"/>
      </wsdl:output>
    </wsdl:operation>
    <wsdl:operation name="deleteLines">
      <wsdlsoap:operation soapAction=""/>
      <wsdl:input name="deleteLinesRequest">
        <wsdlsoap:body encodingStyle="http://schemas.xmlsoap.org/soap/encoding/" namespace="http://www.adonix.com/WSS" use="encoded"/>
      </wsdl:input>
      <wsdl:output name="deleteLinesResponse">
        <wsdlsoap:body encodingStyle="http://schemas.xmlsoap.org/soap/encoding/" namespace="http://www.adonix.com/WSS" use="encoded"/>
      </wsdl:output>
    </wsdl:operation>
  </wsdl:binding>
  <wsdl:service name="CAdxWebServiceXmlCCService">
    <wsdl:port binding="wss:CAdxWebServiceXmlCCSoapBinding" name="CAdxWebServiceXmlCC">
      <wsdlsoap:address location="http://10.110.11.102:8124/soap-generic/syracuse/collaboration/syracuse/CAdxWebServiceXmlCC"/>
    </wsdl:port>
    <wsdl:documentation>This SOAP web service allows to call X3 sub programs and/or to manipulate X3 objects trough CRUD and specifics methods</wsdl:documentation>
  </wsdl:service>
</wsdl:definitions>]]></con:content><con:type>http://schemas.xmlsoap.org/wsdl/</con:type></con:part></con:definitionCache><con:endpoints><con:endpoint>http://10.110.11.102:8124/soap-generic/syracuse/collaboration/syracuse/CAdxWebServiceXmlCC</con:endpoint></con:endpoints><con:operation id="0e1e8cd3-a392-49d5-95ed-b6bd818b75de" isOneWay="false" action="" name="actionObject" bindingOperationName="actionObject" type="Request-Response" outputName="actionObjectResponse" inputName="actionObjectRequest" receivesAttachments="false" sendsAttachments="false" anonymous="optional"><con:settings/><con:call id="0fb72c8e-177e-4fb8-9bfa-a9cc7f6964a5" name="Request 1"><con:settings/><con:encoding>UTF-8</con:encoding><con:endpoint>http://10.110.11.102:8124/soap-generic/syracuse/collaboration/syracuse/CAdxWebServiceXmlCC</con:endpoint><con:request><![CDATA[<soapenv:Envelope xmlns:xsi="http://www.w3.org/2001/XMLSchema-instance" xmlns:xsd="http://www.w3.org/2001/XMLSchema" xmlns:soapenv="http://schemas.xmlsoap.org/soap/envelope/" xmlns:wss="http://www.adonix.com/WSS">\r
   <soapenv:Header/>\r
   <soapenv:Body>\r
      <wss:actionObject soapenv:encodingStyle="http://schemas.xmlsoap.org/soap/encoding/">\r
         <callContext xsi:type="wss:CAdxCallContext">\r
            <codeLang xsi:type="xsd:string">?</codeLang>\r
            <poolAlias xsi:type="xsd:string">?</poolAlias>\r
            <poolId xsi:type="xsd:string">?</poolId>\r
            <requestConfig xsi:type="xsd:string">?</requestConfig>\r
         </callContext>\r
         <publicName xsi:type="xsd:string">?</publicName>\r
         <actionCode xsi:type="xsd:string">?</actionCode>\r
         <objectXml xsi:type="xsd:string">?</objectXml>\r
      </wss:actionObject>\r
   </soapenv:Body>\r
</soapenv:Envelope>]]></con:request><con:wsaConfig mustUnderstand="NONE" version="200508" action="http://www.adonix.com/WSS/CAdxWebServiceXmlCC/actionObjectRequest"/></con:call></con:operation><con:operation id="b3a8a91c-d443-46c7-b763-01cce7cac7af" isOneWay="false" action="" name="actionObjectKeys" bindingOperationName="actionObjectKeys" type="Request-Response" outputName="actionObjectKeysResponse" inputName="actionObjectKeysRequest" receivesAttachments="false" sendsAttachments="false" anonymous="optional"><con:settings/><con:call id="a144b4f3-6559-456c-8170-40ffc1b432a8" name="Request 1"><con:settings/><con:encoding>UTF-8</con:encoding><con:endpoint>http://10.110.11.102:8124/soap-generic/syracuse/collaboration/syracuse/CAdxWebServiceXmlCC</con:endpoint><con:request><![CDATA[<soapenv:Envelope xmlns:xsi="http://www.w3.org/2001/XMLSchema-instance" xmlns:xsd="http://www.w3.org/2001/XMLSchema" xmlns:soapenv="http://schemas.xmlsoap.org/soap/envelope/" xmlns:wss="http://www.adonix.com/WSS" xmlns:soapenc="http://schemas.xmlsoap.org/soap/encoding/">\r
   <soapenv:Header/>\r
   <soapenv:Body>\r
      <wss:actionObjectKeys soapenv:encodingStyle="http://schemas.xmlsoap.org/soap/encoding/">\r
         <callContext xsi:type="wss:CAdxCallContext">\r
            <codeLang xsi:type="xsd:string">?</codeLang>\r
            <poolAlias xsi:type="xsd:string">?</poolAlias>\r
            <poolId xsi:type="xsd:string">?</poolId>\r
            <requestConfig xsi:type="xsd:string">?</requestConfig>\r
         </callContext>\r
         <publicName xsi:type="xsd:string">?</publicName>\r
         <actionCode xsi:type="xsd:string">?</actionCode>\r
         <objectKeys xsi:type="wss:ArrayOfCAdxParamKeyValue" soapenc:arrayType="wss:CAdxParamKeyValue[]"/>\r
      </wss:actionObjectKeys>\r
   </soapenv:Body>\r
</soapenv:Envelope>]]></con:request><con:wsaConfig mustUnderstand="NONE" version="200508" action="http://www.adonix.com/WSS/CAdxWebServiceXmlCC/actionObjectKeysRequest"/></con:call></con:operation><con:operation id="360a1d92-0eec-40b6-9a3e-27f46a788573" isOneWay="false" action="" name="delete" bindingOperationName="delete" type="Request-Response" outputName="deleteResponse" inputName="deleteRequest" receivesAttachments="false" sendsAttachments="false" anonymous="optional"><con:settings/><con:call id="6ab00d5e-8b29-4f5f-bfb1-e727f2019e12" name="Request 1"><con:settings/><con:encoding>UTF-8</con:encoding><con:endpoint>http://10.110.11.102:8124/soap-generic/syracuse/collaboration/syracuse/CAdxWebServiceXmlCC</con:endpoint><con:request><![CDATA[<soapenv:Envelope xmlns:xsi="http://www.w3.org/2001/XMLSchema-instance" xmlns:xsd="http://www.w3.org/2001/XMLSchema" xmlns:soapenv="http://schemas.xmlsoap.org/soap/envelope/" xmlns:wss="http://www.adonix.com/WSS" xmlns:soapenc="http://schemas.xmlsoap.org/soap/encoding/">\r
   <soapenv:Header/>\r
   <soapenv:Body>\r
      <wss:delete soapenv:encodingStyle="http://schemas.xmlsoap.org/soap/encoding/">\r
         <callContext xsi:type="wss:CAdxCallContext">\r
            <codeLang xsi:type="xsd:string">?</codeLang>\r
            <poolAlias xsi:type="xsd:string">?</poolAlias>\r
            <poolId xsi:type="xsd:string">?</poolId>\r
            <requestConfig xsi:type="xsd:string">?</requestConfig>\r
         </callContext>\r
         <publicName xsi:type="xsd:string">?</publicName>\r
         <objectKeys xsi:type="wss:ArrayOfCAdxParamKeyValue" soapenc:arrayType="wss:CAdxParamKeyValue[]"/>\r
      </wss:delete>\r
   </soapenv:Body>\r
</soapenv:Envelope>]]></con:request><con:wsaConfig mustUnderstand="NONE" version="200508" action="http://www.adonix.com/WSS/CAdxWebServiceXmlCC/deleteRequest"/></con:call></con:operation><con:operation id="b64e70a8-ac4c-418e-b4e0-e987de723100" isOneWay="false" action="" name="deleteLines" bindingOperationName="deleteLines" type="Request-Response" outputName="deleteLinesResponse" inputName="deleteLinesRequest" receivesAttachments="false" sendsAttachments="false" anonymous="optional"><con:settings/><con:call id="c5a57998-95bc-465b-87b6-3adcb6c30f06" name="Request 1"><con:settings/><con:encoding>UTF-8</con:encoding><con:endpoint>http://10.110.11.102:8124/soap-generic/syracuse/collaboration/syracuse/CAdxWebServiceXmlCC</con:endpoint><con:request><![CDATA[<soapenv:Envelope xmlns:xsi="http://www.w3.org/2001/XMLSchema-instance" xmlns:xsd="http://www.w3.org/2001/XMLSchema" xmlns:soapenv="http://schemas.xmlsoap.org/soap/envelope/" xmlns:wss="http://www.adonix.com/WSS" xmlns:soapenc="http://schemas.xmlsoap.org/soap/encoding/">\r
   <soapenv:Header/>\r
   <soapenv:Body>\r
      <wss:deleteLines soapenv:encodingStyle="http://schemas.xmlsoap.org/soap/encoding/">\r
         <callContext xsi:type="wss:CAdxCallContext">\r
            <codeLang xsi:type="xsd:string">?</codeLang>\r
            <poolAlias xsi:type="xsd:string">?</poolAlias>\r
            <poolId xsi:type="xsd:string">?</poolId>\r
            <requestConfig xsi:type="xsd:string">?</requestConfig>\r
         </callContext>\r
         <publicName xsi:type="xsd:string">?</publicName>\r
         <objectKeys xsi:type="wss:ArrayOfCAdxParamKeyValue" soapenc:arrayType="wss:CAdxParamKeyValue[]"/>\r
         <blocKey xsi:type="xsd:string">?</blocKey>\r
         <lineKeys xsi:type="wss:ArrayOf_xsd_string" soapenc:arrayType="xsd:string[]"/>\r
      </wss:deleteLines>\r
   </soapenv:Body>\r
</soapenv:Envelope>]]></con:request><con:wsaConfig mustUnderstand="NONE" version="200508" action="http://www.adonix.com/WSS/CAdxWebServiceXmlCC/deleteLinesRequest"/></con:call></con:operation><con:operation id="07f4240a-f0de-4e2e-a800-2e1a07181438" isOneWay="false" action="" name="getDataXmlSchema" bindingOperationName="getDataXmlSchema" type="Request-Response" outputName="getDataXmlSchemaResponse" inputName="getDataXmlSchemaRequest" receivesAttachments="false" sendsAttachments="false" anonymous="optional"><con:settings/><con:call id="e1cbe404-61d2-47b8-b386-9ef3e302f73b" name="Request 1"><con:settings/><con:encoding>UTF-8</con:encoding><con:endpoint>http://10.110.11.102:8124/soap-generic/syracuse/collaboration/syracuse/CAdxWebServiceXmlCC</con:endpoint><con:request><![CDATA[<soapenv:Envelope xmlns:xsi="http://www.w3.org/2001/XMLSchema-instance" xmlns:xsd="http://www.w3.org/2001/XMLSchema" xmlns:soapenv="http://schemas.xmlsoap.org/soap/envelope/" xmlns:wss="http://www.adonix.com/WSS">\r
   <soapenv:Header/>\r
   <soapenv:Body>\r
      <wss:getDataXmlSchema soapenv:encodingStyle="http://schemas.xmlsoap.org/soap/encoding/">\r
         <callContext xsi:type="wss:CAdxCallContext">\r
            <codeLang xsi:type="xsd:string">?</codeLang>\r
            <poolAlias xsi:type="xsd:string">?</poolAlias>\r
            <poolId xsi:type="xsd:string">?</poolId>\r
            <requestConfig xsi:type="xsd:string">?</requestConfig>\r
         </callContext>\r
         <publicName xsi:type="xsd:string">?</publicName>\r
      </wss:getDataXmlSchema>\r
   </soapenv:Body>\r
</soapenv:Envelope>]]></con:request><con:wsaConfig mustUnderstand="NONE" version="200508" action="http://www.adonix.com/WSS/CAdxWebServiceXmlCC/getDataXmlSchemaRequest"/></con:call></con:operation><con:operation id="e5ff7f1d-4729-4312-8819-9af5c4b7f096" isOneWay="false" action="" name="getDescription" bindingOperationName="getDescription" type="Request-Response" outputName="getDescriptionResponse" inputName="getDescriptionRequest" receivesAttachments="false" sendsAttachments="false" anonymous="optional"><con:settings/><con:call id="fd0b74b7-247d-4369-9ef2-eb44641d1bbb" name="Request 1"><con:settings/><con:encoding>UTF-8</con:encoding><con:endpoint>http://10.110.11.102:8124/soap-generic/syracuse/collaboration/syracuse/CAdxWebServiceXmlCC</con:endpoint><con:request><![CDATA[<soapenv:Envelope xmlns:xsi="http://www.w3.org/2001/XMLSchema-instance" xmlns:xsd="http://www.w3.org/2001/XMLSchema" xmlns:soapenv="http://schemas.xmlsoap.org/soap/envelope/" xmlns:wss="http://www.adonix.com/WSS">\r
   <soapenv:Header/>\r
   <soapenv:Body>\r
      <wss:getDescription soapenv:encodingStyle="http://schemas.xmlsoap.org/soap/encoding/">\r
         <callContext xsi:type="wss:CAdxCallContext">\r
            <codeLang xsi:type="xsd:string">?</codeLang>\r
            <poolAlias xsi:type="xsd:string">?</poolAlias>\r
            <poolId xsi:type="xsd:string">?</poolId>\r
            <requestConfig xsi:type="xsd:string">?</requestConfig>\r
         </callContext>\r
         <publicName xsi:type="xsd:string">?</publicName>\r
      </wss:getDescription>\r
   </soapenv:Body>\r
</soapenv:Envelope>]]></con:request><con:wsaConfig mustUnderstand="NONE" version="200508" action="http://www.adonix.com/WSS/CAdxWebServiceXmlCC/getDescriptionRequest"/></con:call><con:call id="684bf341-2251-4da3-a0d7-2301f9921d00" name="YWO_GET"><con:settings><con:setting id="com.eviware.soapui.impl.wsdl.WsdlRequest@request-headers">&lt;xml-fragment/></con:setting></con:settings><con:encoding>UTF-8</con:encoding><con:endpoint>http://10.110.11.102:8124/soap-generic/syracuse/collaboration/syracuse/CAdxWebServiceXmlCC</con:endpoint><con:request><![CDATA[<soapenv:Envelope xmlns:xsi="http://www.w3.org/2001/XMLSchema-instance" xmlns:xsd="http://www.w3.org/2001/XMLSchema" xmlns:soapenv="http://schemas.xmlsoap.org/soap/envelope/" xmlns:wss="http://www.adonix.com/WSS">\r
   <soapenv:Header/>\r
   <soapenv:Body>\r
      <wss:getDescription soapenv:encodingStyle="http://schemas.xmlsoap.org/soap/encoding/">\r
         <callContext xsi:type="wss:CAdxCallContext">\r
            <codeLang xsi:type="xsd:string">FRA</codeLang>\r
            <poolAlias xsi:type="xsd:string">OLAMPAY</poolAlias>\r
            <poolId xsi:type="xsd:string"></poolId>\r
            <requestConfig xsi:type="xsd:string">adxwss.beautify=true&adxwss.optreturn=xml</requestConfig>\r
         </callContext>\r
         <publicName xsi:type="xsd:string">YWSYWO</publicName>\r
      </wss:getDescription>\r
   </soapenv:Body>\r
</soapenv:Envelope>]]></con:request><con:credentials><con:username>GVX</con:username><con:password>GVX</con:password><con:selectedAuthProfile>Basic</con:selectedAuthProfile><con:addedBasicAuthenticationTypes>Basic</con:addedBasicAuthenticationTypes><con:preemptive>true</con:preemptive><con:authType>Preemptive</con:authType></con:credentials><con:jmsConfig JMSDeliveryMode="PERSISTENT"/><con:jmsPropertyConfig/><con:wsaConfig mustUnderstand="NONE" version="200508" action="http://www.adonix.com/WSS/CAdxWebServiceXmlCC/getDescriptionRequest"/><con:wsrmConfig version="1.2"/></con:call></con:operation><con:operation id="13624558-8c66-42cc-973e-ca473c8ae4ac" isOneWay="false" action="" name="insertLines" bindingOperationName="insertLines" type="Request-Response" outputName="insertLinesResponse" inputName="insertLinesRequest" receivesAttachments="false" sendsAttachments="false" anonymous="optional"><con:settings/><con:call id="fb31574d-83e3-4fba-9a95-2b37e2956be9" name="Request 1"><con:settings/><con:encoding>UTF-8</con:encoding><con:endpoint>http://10.110.11.102:8124/soap-generic/syracuse/collaboration/syracuse/CAdxWebServiceXmlCC</con:endpoint><con:request><![CDATA[<soapenv:Envelope xmlns:xsi="http://www.w3.org/2001/XMLSchema-instance" xmlns:xsd="http://www.w3.org/2001/XMLSchema" xmlns:soapenv="http://schemas.xmlsoap.org/soap/envelope/" xmlns:wss="http://www.adonix.com/WSS" xmlns:soapenc="http://schemas.xmlsoap.org/soap/encoding/">\r
   <soapenv:Header/>\r
   <soapenv:Body>\r
      <wss:insertLines soapenv:encodingStyle="http://schemas.xmlsoap.org/soap/encoding/">\r
         <callContext xsi:type="wss:CAdxCallContext">\r
            <codeLang xsi:type="xsd:string">?</codeLang>\r
            <poolAlias xsi:type="xsd:string">?</poolAlias>\r
            <poolId xsi:type="xsd:string">?</poolId>\r
            <requestConfig xsi:type="xsd:string">?</requestConfig>\r
         </callContext>\r
         <publicName xsi:type="xsd:string">?</publicName>\r
         <objectKeys xsi:type="wss:ArrayOfCAdxParamKeyValue" soapenc:arrayType="wss:CAdxParamKeyValue[]"/>\r
         <blocKey xsi:type="xsd:string">?</blocKey>\r
         <lineKey xsi:type="xsd:string">?</lineKey>\r
         <lineXml xsi:type="xsd:string">?</lineXml>\r
      </wss:insertLines>\r
   </soapenv:Body>\r
</soapenv:Envelope>]]></con:request><con:wsaConfig mustUnderstand="NONE" version="200508" action="http://www.adonix.com/WSS/CAdxWebServiceXmlCC/insertLinesRequest"/></con:call></con:operation><con:operation id="fc314459-bd57-4e71-8bec-3b1d7d117d25" isOneWay="false" action="" name="modify" bindingOperationName="modify" type="Request-Response" outputName="modifyResponse" inputName="modifyRequest" receivesAttachments="false" sendsAttachments="false" anonymous="optional"><con:settings/><con:call id="db577848-c182-4a1f-9a3b-94b9c9d1ef20" name="Request 1"><con:settings/><con:encoding>UTF-8</con:encoding><con:endpoint>http://10.110.11.102:8124/soap-generic/syracuse/collaboration/syracuse/CAdxWebServiceXmlCC</con:endpoint><con:request><![CDATA[<soapenv:Envelope xmlns:xsi="http://www.w3.org/2001/XMLSchema-instance" xmlns:xsd="http://www.w3.org/2001/XMLSchema" xmlns:soapenv="http://schemas.xmlsoap.org/soap/envelope/" xmlns:wss="http://www.adonix.com/WSS" xmlns:soapenc="http://schemas.xmlsoap.org/soap/encoding/">\r
   <soapenv:Header/>\r
   <soapenv:Body>\r
      <wss:modify soapenv:encodingStyle="http://schemas.xmlsoap.org/soap/encoding/">\r
         <callContext xsi:type="wss:CAdxCallContext">\r
            <codeLang xsi:type="xsd:string">?</codeLang>\r
            <poolAlias xsi:type="xsd:string">?</poolAlias>\r
            <poolId xsi:type="xsd:string">?</poolId>\r
            <requestConfig xsi:type="xsd:string">?</requestConfig>\r
         </callContext>\r
         <publicName xsi:type="xsd:string">?</publicName>\r
         <objectKeys xsi:type="wss:ArrayOfCAdxParamKeyValue" soapenc:arrayType="wss:CAdxParamKeyValue[]"/>\r
         <objectXml xsi:type="xsd:string">?</objectXml>\r
      </wss:modify>\r
   </soapenv:Body>\r
</soapenv:Envelope>]]></con:request><con:wsaConfig mustUnderstand="NONE" version="200508" action="http://www.adonix.com/WSS/CAdxWebServiceXmlCC/modifyRequest"/></con:call></con:operation><con:operation id="717f9d77-e6fc-40de-8a33-432c183feb0d" isOneWay="false" action="" name="query" bindingOperationName="query" type="Request-Response" outputName="queryResponse" inputName="queryRequest" receivesAttachments="false" sendsAttachments="false" anonymous="optional"><con:settings/><con:call id="aff16bc8-25af-40be-8708-39e7210f0ee2" name="Request 1"><con:settings/><con:encoding>UTF-8</con:encoding><con:endpoint>http://10.110.11.102:8124/soap-generic/syracuse/collaboration/syracuse/CAdxWebServiceXmlCC</con:endpoint><con:request><![CDATA[<soapenv:Envelope xmlns:xsi="http://www.w3.org/2001/XMLSchema-instance" xmlns:xsd="http://www.w3.org/2001/XMLSchema" xmlns:soapenv="http://schemas.xmlsoap.org/soap/envelope/" xmlns:wss="http://www.adonix.com/WSS" xmlns:soapenc="http://schemas.xmlsoap.org/soap/encoding/">\r
   <soapenv:Header/>\r
   <soapenv:Body>\r
      <wss:query soapenv:encodingStyle="http://schemas.xmlsoap.org/soap/encoding/">\r
         <callContext xsi:type="wss:CAdxCallContext">\r
            <codeLang xsi:type="xsd:string">?</codeLang>\r
            <poolAlias xsi:type="xsd:string">?</poolAlias>\r
            <poolId xsi:type="xsd:string">?</poolId>\r
            <requestConfig xsi:type="xsd:string">?</requestConfig>\r
         </callContext>\r
         <publicName xsi:type="xsd:string">?</publicName>\r
         <objectKeys xsi:type="wss:ArrayOfCAdxParamKeyValue" soapenc:arrayType="wss:CAdxParamKeyValue[]"/>\r
         <listSize xsi:type="xsd:int">?</listSize>\r
      </wss:query>\r
   </soapenv:Body>\r
</soapenv:Envelope>]]></con:request><con:wsaConfig mustUnderstand="NONE" version="200508" action="http://www.adonix.com/WSS/CAdxWebServiceXmlCC/queryRequest"/></con:call><con:call id="8b8f4b8f-5139-4128-9bfc-544de6f87854" name="YWO_QUERY"><con:settings><con:setting id="com.eviware.soapui.impl.wsdl.WsdlRequest@request-headers">&lt;xml-fragment/></con:setting></con:settings><con:encoding>UTF-8</con:encoding><con:endpoint>http://10.110.11.102:8124/soap-generic/syracuse/collaboration/syracuse/CAdxWebServiceXmlCC</con:endpoint><con:request><![CDATA[<soapenv:Envelope xmlns:xsi="http://www.w3.org/2001/XMLSchema-instance" xmlns:xsd="http://www.w3.org/2001/XMLSchema" xmlns:soapenv="http://schemas.xmlsoap.org/soap/envelope/" xmlns:wss="http://www.adonix.com/WSS" xmlns:soapenc="http://schemas.xmlsoap.org/soap/encoding/">\r
   <soapenv:Header/>\r
   <soapenv:Body>\r
      <wss:query soapenv:encodingStyle="http://schemas.xmlsoap.org/soap/encoding/">\r
         <callContext xsi:type="wss:CAdxCallContext">\r
            <codeLang xsi:type="xsd:string">FRA</codeLang>\r
            <poolAlias xsi:type="xsd:string">OLAMPAY</poolAlias>\r
            <poolId xsi:type="xsd:string"></poolId>\r
            <requestConfig xsi:type="xsd:string">adxwss.beautify=true&adxwss.optreturn=json</requestConfig>\r
         </callContext>\r
         <publicName xsi:type="xsd:string">YWSYWO</publicName>\r
         <objectKeys xsi:type="wss:ArrayOfCAdxParamKeyValue" soapenc:arrayType="wss:CAdxParamKeyValue[]"/>\r
         <listSize xsi:type="xsd:int">10</listSize>\r
      </wss:query>\r
   </soapenv:Body>\r
</soapenv:Envelope>]]></con:request><con:credentials><con:username>GVX</con:username><con:password>GVX</con:password><con:selectedAuthProfile>Basic</con:selectedAuthProfile><con:addedBasicAuthenticationTypes>Basic</con:addedBasicAuthenticationTypes><con:preemptive>true</con:preemptive><con:authType>Preemptive</con:authType></con:credentials><con:jmsConfig JMSDeliveryMode="PERSISTENT"/><con:jmsPropertyConfig/><con:wsaConfig mustUnderstand="NONE" version="200508" action="http://www.adonix.com/WSS/CAdxWebServiceXmlCC/queryRequest"/><con:wsrmConfig version="1.2"/></con:call></con:operation><con:operation id="8c5536ae-2f58-49b5-ba5d-caeb8d76629e" isOneWay="false" action="" name="read" bindingOperationName="read" type="Request-Response" outputName="readResponse" inputName="readRequest" receivesAttachments="false" sendsAttachments="false" anonymous="optional"><con:settings/><con:call id="f368926d-fdd6-412e-affa-8118481970a4" name="Request 1"><con:settings/><con:encoding>UTF-8</con:encoding><con:endpoint>http://10.110.11.102:8124/soap-generic/syracuse/collaboration/syracuse/CAdxWebServiceXmlCC</con:endpoint><con:request><![CDATA[<soapenv:Envelope xmlns:xsi="http://www.w3.org/2001/XMLSchema-instance" xmlns:xsd="http://www.w3.org/2001/XMLSchema" xmlns:soapenv="http://schemas.xmlsoap.org/soap/envelope/" xmlns:wss="http://www.adonix.com/WSS" xmlns:soapenc="http://schemas.xmlsoap.org/soap/encoding/">\r
   <soapenv:Header/>\r
   <soapenv:Body>\r
      <wss:read soapenv:encodingStyle="http://schemas.xmlsoap.org/soap/encoding/">\r
         <callContext xsi:type="wss:CAdxCallContext">\r
            <codeLang xsi:type="xsd:string">?</codeLang>\r
            <poolAlias xsi:type="xsd:string">?</poolAlias>\r
            <poolId xsi:type="xsd:string">?</poolId>\r
            <requestConfig xsi:type="xsd:string">?</requestConfig>\r
         </callContext>\r
         <publicName xsi:type="xsd:string">?</publicName>\r
         <objectKeys xsi:type="wss:ArrayOfCAdxParamKeyValue" soapenc:arrayType="wss:CAdxParamKeyValue[]"/>\r
      </wss:read>\r
   </soapenv:Body>\r
</soapenv:Envelope>]]></con:request><con:wsaConfig mustUnderstand="NONE" version="200508" action="http://www.adonix.com/WSS/CAdxWebServiceXmlCC/readRequest"/></con:call><con:call id="6ba6e7ea-4f85-4c1e-bca3-d2f25ed0dc70" name="YWO_READ"><con:settings><con:setting id="com.eviware.soapui.impl.wsdl.WsdlRequest@request-headers">&lt;xml-fragment/></con:setting></con:settings><con:encoding>UTF-8</con:encoding><con:endpoint>http://10.110.11.102:8124/soap-generic/syracuse/collaboration/syracuse/CAdxWebServiceXmlCC</con:endpoint><con:request><![CDATA[<soapenv:Envelope xmlns:xsi="http://www.w3.org/2001/XMLSchema-instance" xmlns:xsd="http://www.w3.org/2001/XMLSchema" xmlns:soapenv="http://schemas.xmlsoap.org/soap/envelope/" xmlns:wss="http://www.adonix.com/WSS" xmlns:soapenc="http://schemas.xmlsoap.org/soap/encoding/">\r
   <soapenv:Header/>\r
   <soapenv:Body>\r
      <wss:read soapenv:encodingStyle="http://schemas.xmlsoap.org/soap/encoding/">\r
         <callContext xsi:type="wss:CAdxCallContext">\r
            <codeLang xsi:type="xsd:string">FRA</codeLang>\r
            <poolAlias xsi:type="xsd:string">OLAMPAY</poolAlias>\r
            <poolId xsi:type="xsd:string"></poolId>\r
            <requestConfig xsi:type="xsd:string">adxwss.beautify=true&adxwss.optreturn=json</requestConfig>\r
         </callContext>\r
         <publicName xsi:type="xsd:string">YWSYWO</publicName>\r
         <objectKeys xsi:type="wss:ArrayOfCAdxParamKeyValue" soapenc:arrayType="wss:CAdxParamKeyValue[]">\r
             <key>YCDQ</key>
             <value>000587</value>
             <key>YDATE</key>
             <value>07/01/2017</value>
         </objectKeys>
      </wss:read>\r
   </soapenv:Body>\r
</soapenv:Envelope>]]></con:request><con:credentials><con:username>GVX</con:username><con:password>GVX</con:password><con:selectedAuthProfile>Basic</con:selectedAuthProfile><con:addedBasicAuthenticationTypes>Basic</con:addedBasicAuthenticationTypes><con:preemptive>true</con:preemptive><con:authType>Preemptive</con:authType></con:credentials><con:jmsConfig JMSDeliveryMode="PERSISTENT"/><con:jmsPropertyConfig/><con:wsaConfig mustUnderstand="NONE" version="200508" action="http://www.adonix.com/WSS/CAdxWebServiceXmlCC/readRequest"/><con:wsrmConfig version="1.2"/></con:call></con:operation><con:operation id="3b8bc848-0b50-4308-9e2d-d618f3b242c0" isOneWay="false" action="" name="run" bindingOperationName="run" type="Request-Response" outputName="runResponse" inputName="runRequest" receivesAttachments="false" sendsAttachments="false" anonymous="optional"><con:settings/><con:call id="422d0a60-da7b-405f-b9f8-1e37d39bc2ed" name="Request 1"><con:settings/><con:encoding>UTF-8</con:encoding><con:endpoint>http://10.110.11.102:8124/soap-generic/syracuse/collaboration/syracuse/CAdxWebServiceXmlCC</con:endpoint><con:request><![CDATA[<soapenv:Envelope xmlns:xsi="http://www.w3.org/2001/XMLSchema-instance" xmlns:xsd="http://www.w3.org/2001/XMLSchema" xmlns:soapenv="http://schemas.xmlsoap.org/soap/envelope/" xmlns:wss="http://www.adonix.com/WSS">\r
   <soapenv:Header/>\r
   <soapenv:Body>\r
      <wss:run soapenv:encodingStyle="http://schemas.xmlsoap.org/soap/encoding/">\r
         <callContext xsi:type="wss:CAdxCallContext">\r
            <codeLang xsi:type="xsd:string">?</codeLang>\r
            <poolAlias xsi:type="xsd:string">?</poolAlias>\r
            <poolId xsi:type="xsd:string">?</poolId>\r
            <requestConfig xsi:type="xsd:string">?</requestConfig>\r
         </callContext>\r
         <publicName xsi:type="xsd:string">?</publicName>\r
         <inputXml xsi:type="xsd:string">?</inputXml>\r
      </wss:run>\r
   </soapenv:Body>\r
</soapenv:Envelope>]]></con:request><con:wsaConfig mustUnderstand="NONE" version="200508" action="http://www.adonix.com/WSS/CAdxWebServiceXmlCC/runRequest"/></con:call></con:operation><con:operation id="464e9ee8-2a99-4914-8a97-cd98d25feaed" isOneWay="false" action="" name="save" bindingOperationName="save" type="Request-Response" outputName="saveResponse" inputName="saveRequest" receivesAttachments="false" sendsAttachments="false" anonymous="optional"><con:settings/><con:call id="019e1267-0a7e-48c4-97a1-4e1e0a300c79" name="Request 1"><con:settings/><con:encoding>UTF-8</con:encoding><con:endpoint>http://10.110.11.102:8124/soap-generic/syracuse/collaboration/syracuse/CAdxWebServiceXmlCC</con:endpoint><con:request><![CDATA[<soapenv:Envelope xmlns:xsi="http://www.w3.org/2001/XMLSchema-instance" xmlns:xsd="http://www.w3.org/2001/XMLSchema" xmlns:soapenv="http://schemas.xmlsoap.org/soap/envelope/" xmlns:wss="http://www.adonix.com/WSS">\r
   <soapenv:Header/>\r
   <soapenv:Body>\r
      <wss:save soapenv:encodingStyle="http://schemas.xmlsoap.org/soap/encoding/">\r
         <callContext xsi:type="wss:CAdxCallContext">\r
            <codeLang xsi:type="xsd:string">?</codeLang>\r
            <poolAlias xsi:type="xsd:string">?</poolAlias>\r
            <poolId xsi:type="xsd:string">?</poolId>\r
            <requestConfig xsi:type="xsd:string">?</requestConfig>\r
         </callContext>\r
         <publicName xsi:type="xsd:string">?</publicName>\r
         <objectXml xsi:type="xsd:string">?</objectXml>\r
      </wss:save>\r
   </soapenv:Body>\r
</soapenv:Envelope>]]></con:request><con:credentials><con:authType>No Authorization</con:authType></con:credentials><con:jmsConfig JMSDeliveryMode="PERSISTENT"/><con:jmsPropertyConfig/><con:wsaConfig mustUnderstand="NONE" version="200508" action="http://www.adonix.com/WSS/CAdxWebServiceXmlCC/saveRequest"/><con:wsrmConfig version="1.2"/></con:call><con:call id="91404d82-8146-4404-9409-e6ccc07f9b57" name="YWO_SAVE"><con:settings><con:setting id="com.eviware.soapui.impl.wsdl.WsdlRequest@request-headers">&lt;xml-fragment/></con:setting></con:settings><con:encoding>UTF-8</con:encoding><con:endpoint>http://10.110.11.102:8124/soap-generic/syracuse/collaboration/syracuse/CAdxWebServiceXmlCC</con:endpoint><con:request><![CDATA[<soapenv:Envelope xmlns:xsi="http://www.w3.org/2001/XMLSchema-instance" xmlns:xsd="http://www.w3.org/2001/XMLSchema" xmlns:soapenv="http://schemas.xmlsoap.org/soap/envelope/" xmlns:wss="http://www.adonix.com/WSS">\r
   <soapenv:Header/>\r
   <soapenv:Body>\r
      <wss:save soapenv:encodingStyle="http://schemas.xmlsoap.org/soap/encoding/">\r
         <callContext xsi:type="wss:CAdxCallContext">\r
            <codeLang xsi:type="xsd:string">ENG</codeLang>\r
            <poolAlias xsi:type="xsd:string">OLAMPAY</poolAlias>\r
            <poolId xsi:type="xsd:string"></poolId>\r
            <requestConfig xsi:type="xsd:string">adxwss.beautify=true&adxwss.optreturn=json</requestConfig>\r
         </callContext>\r
         <publicName xsi:type="xsd:string">YWSYWO</publicName>\r
         <objectXml xsi:type="xsd:string">
<![CDATA[
{
	"YWO0_1": {
		"YCDQ": "003598",
		"YLCDQ": "",
		"YSDR": "00359820190913",
		"YDATE": "20190913",
		"YPAIDAT": "20190931",
		"YCPY": "OG1",
		"YFCY": "OG14",
		"YGANG": "11CHAUPK19",
		"YMOBILEFLG": null,
		"YMOBILEFLG_LBL": "",
		"YCOMPLETEFLG": null,
		"YCOMPLETEFLG_LBL": "",
		"YWORKER": null,
		"YWORKER_LBL": ""
	},
	"YWO1_1": [
		{
			"REFNUM": "000587",
			"YCODACT": "",
			"YUNIT": "",
			"YLOCATION": "",
			"YLOCDESC": "",
			"YROUND": "0",
			"YAREA": "0",
			"YQTY": "0",
			"YTPS": "6",
			"YDR": null,
			"YDR_LBL": "",
			"YAMOUNT": "0",
			"YSUP": "0"
		},
		{
			"REFNUM": "000619",
			"YCODACT": "",
			"YUNIT": "",
			"YLOCATION": "",
			"YLOCDESC": "",
			"YROUND": "0",
			"YAREA": "0",
			"YQTY": "0",
			"YTPS": "0",
			"YDR": null,
			"YDR_LBL": "",
			"YAMOUNT": "0",
			"YSUP": "0"
		},
		{
			"REFNUM": "008774",
			"YCODACT": "",
			"YUNIT": "",
			"YLOCATION": "",
			"YLOCDESC": "",
			"YROUND": "0",
			"YAREA": "0",
			"YQTY": "0",
			"YTPS": "0",
			"YDR": null,
			"YDR_LBL": "",
			"YAMOUNT": "0",
			"YSUP": "0"
		},
		{
			"REFNUM": "009019",
			"YCODACT": "",
			"YUNIT": "",
			"YLOCATION": "",
			"YLOCDESC": "",
			"YROUND": "0",
			"YAREA": "0",
			"YQTY": "0",
			"YTPS": "6",
			"YDR": null,
			"YDR_LBL": "",
			"YAMOUNT": "0",
			"YSUP": "0"
		},
		{
			"REFNUM": "009025",
			"YCODACT": "",
			"YUNIT": "",
			"YLOCATION": "",
			"YLOCDESC": "",
			"YROUND": "0",
			"YAREA": "0",
			"YQTY": "0",
			"YTPS": "6",
			"YDR": null,
			"YDR_LBL": "",
			"YAMOUNT": "0",
			"YSUP": "0"
		},
		{
			"REFNUM": "013197",
			"YCODACT": "",
			"YUNIT": "",
			"YLOCATION": "",
			"YLOCDESC": "",
			"YROUND": "0",
			"YAREA": "0",
			"YQTY": "0",
			"YTPS": "6",
			"YDR": null,
			"YDR_LBL": "",
			"YAMOUNT": "0",
			"YSUP": "0"
		},
		{
			"REFNUM": "014885",
			"YCODACT": "",
			"YUNIT": "",
			"YLOCATION": "",
			"YLOCDESC": "",
			"YROUND": "0",
			"YAREA": "0",
			"YQTY": "0",
			"YTPS": "0",
			"YDR": null,
			"YDR_LBL": "",
			"YAMOUNT": "0",
			"YSUP": "0"
		},
		{
			"REFNUM": "015280",
			"YCODACT": "",
			"YUNIT": "",
			"YLOCATION": "",
			"YLOCDESC": "",
			"YROUND": "0",
			"YAREA": "0",
			"YQTY": "0",
			"YTPS": "0",
			"YDR": null,
			"YDR_LBL": "",
			"YAMOUNT": "0",
			"YSUP": "0"
		},
		{
			"REFNUM": "017903",
			"YCODACT": "",
			"YUNIT": "",
			"YLOCATION": "",
			"YLOCDESC": "",
			"YROUND": "0",
			"YAREA": "0",
			"YQTY": "0",
			"YTPS": "0",
			"YDR": null,
			"YDR_LBL": "",
			"YAMOUNT": "0",
			"YSUP": "0"
		},
		{
			"REFNUM": "026476",
			"YCODACT": "",
			"YUNIT": "",
			"YLOCATION": "",
			"YLOCDESC": "",
			"YROUND": "0",
			"YAREA": "0",
			"YQTY": "0",
			"YTPS": "6",
			"YDR": null,
			"YDR_LBL": "",
			"YAMOUNT": "0",
			"YSUP": "0"
		},
		{
			"REFNUM": "035656",
			"YCODACT": "",
			"YUNIT": "",
			"YLOCATION": "",
			"YLOCDESC": "",
			"YROUND": "0",
			"YAREA": "0",
			"YQTY": "0",
			"YTPS": "6",
			"YDR": null,
			"YDR_LBL": "",
			"YAMOUNT": "0",
			"YSUP": "0"
		}
	]
}
]]]]>><![CDATA[
         </objectXml>\r
      </wss:save>\r
   </soapenv:Body>\r
</soapenv:Envelope>]]></con:request><con:credentials><con:username>DTF</con:username><con:password>olam@123</con:password><con:selectedAuthProfile>Basic</con:selectedAuthProfile><con:addedBasicAuthenticationTypes>Basic</con:addedBasicAuthenticationTypes><con:preemptive>true</con:preemptive><con:authType>Preemptive</con:authType></con:credentials><con:jmsConfig JMSDeliveryMode="PERSISTENT"/><con:jmsPropertyConfig/><con:wsaConfig mustUnderstand="NONE" version="200508" action="http://www.adonix.com/WSS/CAdxWebServiceXmlCC/saveRequest"/><con:wsrmConfig version="1.2"/></con:call></con:operation></con:interface><con:properties/><con:wssContainer/><con:oAuth2ProfileContainer/><con:oAuth1ProfileContainer/></con:soapui-project>